1,"{69.63063,44.523964,82.01206,46.487526,30.790174,57.90696,24.087978,85.42497,89.62826,61.21338,86.55442,74.28981,89.020164,64.36908,81.987755,69.86064,48.94524,83.59116,58.6075,47.608356,4.7552123,4.025846,68.125114,36.796143,99.00071,74.90297,37.822212,46.97987,91.510376,96.22237,7.764121,11.169523,52.098606,66.38487,45.17972,80.836876,48.280933,9.500605,76.04942,45.32691,89.532585,98.04064,76.20333,75.64784,13.080526,53.798813,70.91692,49.23724,12.428922,9.615166,91.09015,38.852528,7.552614,71.85988,96.4085,12.497841,19.034142,54.22803,80.024826,11.123881,41.762337,85.95517,26.693836,42.13296}"
2,"{66.8611,0.19767109,76.17589,46.460537,93.29531,13.159348,98.15379,88.722466,18.439161,32.77787,73.7387,58.711605,35.434547,22.665537,94.55496,10.0581045,75.371346,66.844826,83.87715,51.35811,65.45605,72.00911,48.64628,26.309868,76.98308,34.01439,27.529457,3.7229893,75.97838,25.57232,82.43405,53.59517,77.05456,13.235527,20.78199,21.254456,19.820807,28.370838,47.9427,63.878674,14.9604,32.59738,55.877956,70.12486,41.96935,80.87724,10.444258,8.290808,65.99759,81.9038,18.916353,7.1101756,91.019455,36.515324,36.940395,58.238113,89.76459,40.510582,13.909726,84.56259,76.858604,22.463078,14.106618,64.08877}"
3,"{95.16155,42.987038,82.10761,57.26164,11.371744,66.53106,21.95895,4.7517376,5.913608,76.35498,15.355773,43.0266,54.596848,98.13675,32.179348,3.1282697,41.4763,26.974524,62.749718,92.196014,90.02751,79.774475,83.336685,12.199402,24.764103,72.58767,20.954103,2.4272985,69.654076,16.884336,9.166111,34.423546,90.35019,45.596798,80.29812,74.74257,1.8541534,88.652435,60.620213,23.153202,94.61749,77.34691,71.120026,44.34413,3.3881285,40.028744,67.581345,28.940056,22.79822,69.996544,17.82248,35.445843,0.52458805,76.12766,31.925095,95.88293,46.920994,32.503983,61.713383,83.2143,43.715294,4.180495,30.050817,83.583084}"
4,"{13.391758,60.321568,57.94545,37.886307,95.25875,75.33763,30.045797,88.80669,29.266771,34.58246,86.730835,16.22681,60.035995,88.872444,96.32549,67.614296,72.232864,65.88053,44.495495,93.7142,55.671783,34.717678,62.89302,13.50234,70.89228,10.18555,96.7513,37.187447,60.368774,66.76891,5.2868667,30.011942,89.15645,40.002075,81.201996,62.162125,34.182056,19.018866,30.836561,47.295303,1.3849692,62.572136,46.96272,61.620365,82.645615,99.3399,37.02187,71.29022,63.3633,38.73789,3.7606869,93.80195,20.43211,21.611208,58.53179,21.438446,68.29445,71.02209,33.598244,35.371845,97.12177,65.89102,35.045483,8.293571}"
5,"{26.68719,97.55045,86.59761,3.3118503,67.17566,88.46298,83.807945,25.89963,24.355265,49.631527,42.609932,23.981874,21.853266,38.839844,53.749187,85.48135,93.69907,5.1259794,70.65963,81.01887,52.0838,79.18664,71.19625,96.77253,80.023384,97.17866,59.40816,5.089184,78.19508,43.129047,61.153355,11.218751,96.85165,18.453268,23.559753,77.982796,64.923546,15.54203,42.67613,77.326385,42.029522,94.70075,13.494839,11.135353,38.27328,62.667313,52.04174,22.589273,89.86724,88.309006,68.40525,24.386919,34.561745,92.787506,43.217484,68.7103,83.65246,32.42295,56.8185,94.63361,41.384068,81.68835,51.55615,7.244718}"
6,"{27.57231,89.29023,42.63678,66.0013,35.247635,54.269554,83.69731,11.327668,17.415415,72.67953,99.679504,13.267967,81.27304,73.91875,14.329464,35.80805,55.38153,73.5345,73.20666,28.484133,36.627037,54.641575,28.768656,62.896465,65.90871,80.468155,53.013348,57.088272,91.24767,77.44539,49.235115,83.34489,66.63473,92.26847,79.4243,44.28694,86.941376,62.102455,22.26012,64.21086,51.44169,78.27789,50.880337,65.06688,79.07613,18.172802,24.831127,43.41928,10.989651,54.32542,39.797096,1.9290831,43.864655,75.04551,67.68399,8.619955,50.227184,6.8314924,51.989635,3.282461,88.62569,69.76136,35.576866,63.249226}"
7,"{62.073856,15.77246,84.19471,2.4073255,92.43148,53.50849,6.4311485,56.239132,81.801544,98.38256,44.0859,1.9967033,90.19363,62.936745,33.90064,53.47778,77.59868,19.787909,97.66503,32.506016,14.509272,90.8152,61.23086,58.909718,29.383373,94.208374,0.02654303,73.8894,26.484055,82.061386,58.196224,51.075203,10.138542,30.929596,47.22984,89.77353,99.26781,75.79942,37.453598,86.92257,11.8741455,62.93882,59.377842,60.717613,66.183464,11.858508,11.826495,38.88785,51.77863,32.934643,67.98834,18.930597,9.09919,21.001719,99.835,73.52118,53.20377,1.3621494,34.35794,80.66462,42.08836,22.179367,73.21224,50.349426}"
8,"{20.834122,84.191345,69.856705,44.47615,40.44137,57.229767,67.19908,18.199955,19.724255,24.348175,63.954918,73.64404,75.738,3.704339,42.084335,12.870208,23.844088,50.023834,51.27166,9.25629,43.95839,19.872856,92.75886,14.813317,21.35459,75.52952,65.04803,66.82504,15.505384,92.46847,51.97732,8.419865,51.043144,55.930065,31.186405,53.762012,93.53041,77.36115,22.5725,95.511154,97.179985,15.381524,54.3602,7.644035,40.099636,46.10209,4.0426292,54.819527,88.51404,30.91384,35.686813,95.92134,18.506704,77.16035,49.733074,6.5163774,31.208576,68.34153,40.070045,36.56859,4.432847,59.6772,2.2594593,36.258694}"
9,"{55.224236,35.05142,0.55615735,96.15145,38.674683,9.692355,6.8701158,56.76011,68.9887,35.608,6.9113345,96.8792,29.804605,34.050125,95.121506,36.552612,98.149734,90.433395,76.116425,17.436415,66.39814,15.57266,64.54105,5.3901753,30.789953,5.260266,43.588173,3.7344604,65.35722,34.591167,53.87764,53.65579,3.6890624,59.622433,45.674408,15.196257,65.37781,86.55492,28.090675,79.1685,42.05101,16.339428,86.334,19.78532,72.754875,3.1918588,42.40467,98.94719,8.57078,40.76749,93.9006,16.71283,80.487305,35.573467,50.55671,35.77306,26.797491,58.531075,77.44247,9.604057,11.039713,11.440394,58.790314,9.802834}"
10,"{18.457445,73.51518,86.46912,74.87824,78.13776,36.274395,4.199708,14.019988,34.73289,14.090409,62.598427,70.19355,23.618147,67.85593,53.704483,28.971327,67.44927,74.85885,47.286736,6.0314326,61.62395,57.42569,78.23529,37.021484,97.70571,73.650475,75.83701,59.842503,54.330326,17.072308,55.637043,29.268038,76.69058,49.066063,44.639137,46.64843,50.90548,42.597244,95.346924,59.295116,36.255985,82.55402,85.9591,72.59226,44.55604,93.861946,58.080143,87.10347,95.282104,40.825047,22.582533,88.65211,41.275665,10.501193,64.55735,73.84021,61.944206,99.3497,3.2311292,30.580795,88.310104,19.890339,48.733246,33.361507}"
11,"{31.702393,25.750763,38.908764,78.106834,80.37166,76.38332,13.036759,20.196821,46.16594,73.09318,70.197525,91.529526,47.28035,56.091965,85.809,35.143127,8.941348,57.391247,96.012024,87.06387,27.97867,19.856115,64.425865,59.50312,51.15507,71.09381,85.43375,93.63858,52.76143,48.55814,51.518063,86.89122,1.5490196,14.874774,75.98533,93.32293,88.08155,49.564037,56.252018,7.566561,43.87895,13.747537,34.06817,85.15617,46.437428,30.82746,37.810993,14.412148,37.802845,20.33857,16.2748,27.875664,27.616768,40.0718,14.016426,41.964695,38.528492,98.09649,23.900883,10.887573,36.966522,70.46944,44.45537,20.309633}"
12,"{75.1964,20.279589,87.21999,74.796684,21.378,41.366066,24.530668,24.191086,38.30637,16.756134,50.947517,52.909534,74.32075,72.85202,94.52622,24.346651,82.452835,49.968082,57.80832,33.347668,87.52837,86.36137,76.0806,2.862058,72.21644,3.85041,43.236267,47.755554,68.83401,79.983505,97.38791,77.25091,86.26603,25.064499,60.971657,77.060265,3.1725514,46.800762,57.99574,88.999825,47.557487,64.595566,56.686214,27.337778,6.9115143,27.319622,14.245614,51.47956,65.97275,29.580408,94.753395,69.56335,14.441721,12.941907,37.202377,19.407696,63.824482,70.173294,21.89506,55.87106,40.353638,46.426258,6.3445125,37.458782}"
13,"{4.3587656,94.32402,20.673925,21.92033,80.54469,97.41915,54.338356,49.152905,58.72039,24.533821,65.664406,60.064865,51.24747,26.388561,70.89477,98.81379,27.802147,84.97097,45.622746,1.242052,16.238144,88.672295,7.007809,39.172775,81.981735,34.769524,56.09072,74.848625,19.3791,71.85699,94.800514,65.105034,93.956856,43.900948,98.6053,25.340979,22.169216,4.3325725,12.7539,30.019766,17.720997,41.699753,45.05011,51.89615,44.11977,20.620956,81.270874,65.58602,10.179726,54.940845,38.672703,3.19226,17.543522,19.956625,69.32769,17.76109,0.9889528,92.30744,6.904989,3.2147279,97.73903,8.600695,29.391228,32.498596}"
14,"{90.90401,25.15502,55.362415,5.967299,14.57173,73.49891,54.83129,73.048454,99.26017,60.66815,97.26082,77.06459,12.098021,95.147934,71.73277,27.42112,87.16251,2.8232756,47.978058,78.405464,99.147835,70.9133,35.313408,69.37365,54.544678,49.012203,80.601006,88.47427,25.67604,86.546074,0.07857398,69.185295,46.463623,75.747246,95.036446,25.289557,7.212256,43.274487,72.39539,11.525489,6.8289924,25.560448,0.62812316,51.617588,42.883427,20.600416,34.34416,66.8772,86.22314,19.025757,50.210003,32.790657,11.252843,30.80971,48.50593,80.26386,44.549614,80.77435,92.139534,86.31777,82.61399,0.2091184,14.770843,86.438194}"
15,"{88.95517,86.439804,26.09262,9.448003,56.396984,94.23158,52.302536,34.22638,52.80213,8.661059,58.265553,95.944466,17.990057,88.805504,22.46988,4.3812733,52.42525,64.58779,52.1172,56.549465,10.547881,78.762535,91.85789,35.083374,54.989033,44.77393,61.898323,38.969124,34.25327,5.5623193,58.395557,27.138575,52.96863,33.911617,17.95285,2.678316,18.018139,81.24154,28.1892,86.956764,68.60937,17.54934,5.13946,41.44454,56.754257,83.24856,35.82539,79.55556,5.177075,5.7542596,38.710007,62.191875,71.11381,95.70373,46.70878,6.118513,20.893375,94.62024,95.59461,22.674002,25.994307,76.62954,66.42549,91.04756}"
16,"{26.157124,29.589506,3.281512,2.3976517,39.12197,37.823532,9.173766,61.984184,94.985214,30.747164,23.343102,31.335846,21.672169,34.300808,44.979298,32.934376,37.563057,89.564384,92.1478,29.192633,19.155048,73.61202,53.713352,55.417366,2.3769236,49.00728,97.41071,14.328893,62.689117,71.84647,62.857758,85.46834,63.607616,34.495014,75.974335,25.931332,98.30488,2.758938,35.511448,25.360447,2.2966897,11.882136,15.573786,65.60449,35.065372,9.212686,5.309066,38.071728,8.253658,10.456381,31.329405,5.288218,41.55978,72.01019,25.723042,99.80747,13.754638,63.88472,66.322754,27.25075,24.721039,60.18676,12.64612,51.298992}"
17,"{19.789803,90.10682,34.850407,58.880154,44.937645,18.971354,11.202303,32.134655,90.94918,52.36642,86.81319,40.094593,57.074665,86.87271,10.409821,34.039433,75.99328,17.887657,22.186718,14.414478,18.288239,71.72781,62.62058,88.80416,57.7371,58.14458,25.632555,66.087265,70.41256,57.05368,38.58631,14.4760275,48.08305,15.23879,23.047338,35.12833,87.21781,54.67221,63.552414,79.45685,21.87047,92.59121,84.21076,29.7389,74.98197,67.33202,34.95629,8.315946,26.666296,14.970707,8.681373,21.284874,28.589144,75.92975,18.107708,45.409496,14.703572,42.823494,35.7026,50.867786,74.76129,19.93753,52.65456,12.808449}"
18,"{17.88152,18.933664,13.119506,98.492035,79.05016,96.77205,79.68815,47.57225,27.072866,71.63678,45.170288,65.92998,53.86036,66.09456,17.017868,80.06575,42.941216,98.12459,14.504588,2.609345,81.04426,8.410175,68.44603,19.801838,37.05322,3.820578,39.894142,60.194824,54.504036,53.83859,51.799225,48.202496,99.2774,79.37235,87.839455,96.0086,55.75537,66.55738,70.02358,78.70618,50.293457,55.498245,3.6395624,58.032078,98.55217,43.172848,29.826803,33.809437,66.49298,87.74204,65.48012,74.95382,17.441072,59.15231,33.150963,5.9160686,98.6344,88.131,93.70845,43.576218,29.509014,76.4557,28.185526,14.277006}"
19,"{65.32223,38.798847,66.70242,52.866314,68.60669,7.633194,8.681013,43.839523,67.712494,93.82684,4.6031733,9.033579,76.97533,16.909372,92.999504,53.484337,2.8033664,99.872215,82.67033,29.240316,40.473606,27.153708,97.63887,70.9144,49.252136,43.595066,27.131176,52.897923,70.49619,93.14054,43.89343,49.36939,61.866425,64.46081,28.133951,78.974884,68.19488,96.131096,0.8646469,47.374928,38.7499,55.186916,76.778435,75.3401,54.75772,12.563668,73.211006,6.895833,18.539549,8.919051,96.18541,21.88772,15.27133,10.517216,87.82723,47.547825,24.253672,62.16306,90.17981,43.037395,83.08576,31.617407,20.068653,64.93224}"
20,"{94.97682,25.565708,77.4007,57.176456,86.621155,23.183067,27.187351,19.693516,36.93992,90.82851,13.514435,20.7082,91.19972,95.66494,24.322489,30.559288,81.51074,51.355263,29.695688,72.593124,94.75624,93.80753,46.68803,39.4082,59.192177,76.67557,31.654318,91.61763,78.17469,86.46873,90.52679,99.320564,85.932465,36.252644,10.224298,63.09733,68.518326,99.66082,14.950576,47.60229,10.883855,76.97553,11.894204,14.319726,46.564854,40.13037,16.962006,64.93257,93.203,20.451948,5.6471024,18.753849,18.828035,82.67339,62.754196,89.07094,59.568558,61.15956,61.090878,87.901825,78.64149,23.386166,69.81054,46.969635}"
21,"{43.7984,14.579775,22.098375,66.64024,0.9000446,33.180832,86.37739,92.672165,25.280958,85.62964,20.040016,22.996775,50.69854,81.149025,7.558278,90.03924,63.89213,2.0238273,21.179768,76.53005,37.3774,35.73542,0.5792142,59.12834,75.65142,84.63999,43.918716,40.828617,12.378983,93.18732,85.700134,12.963483,5.577705,7.5273566,13.308708,65.11733,91.83815,27.374956,33.798615,47.466564,32.03744,33.88968,42.62181,47.55729,82.97502,2.8313735,96.82764,11.4823065,80.33474,1.1901165,44.74968,58.547985,7.1274543,43.739517,83.14984,76.11355,32.375114,68.46709,79.82012,56.188053,41.65533,5.598091,26.176771,42.99399}"
22,"{93.94155,32.01643,39.65648,98.023674,47.96819,53.42668,71.79215,79.66072,21.453619,61.78674,54.568745,53.311268,13.572383,10.624487,27.714085,46.848713,16.037388,10.151008,83.45356,98.24385,12.303319,5.975973,76.25194,87.315094,64.31597,97.15925,14.293532,32.93806,78.80308,12.800647,50.839302,78.71064,42.53746,81.94312,58.884666,93.45149,0.82301635,43.873016,16.275333,14.051541,3.4891436,88.6349,72.98386,44.697613,56.075687,38.492786,72.78249,62.504314,34.103886,66.97979,71.05678,30.84831,59.129772,53.964146,24.789467,80.48214,5.7465863,32.761578,33.41979,28.66162,38.236378,52.74702,16.773945,88.460846}"
23,"{38.87564,51.22856,22.807573,96.14492,31.99454,58.671993,40.550503,2.4581368,69.106415,97.89756,37.261864,34.061584,81.40827,40.864475,61.064896,10.779588,32.66071,55.430576,26.724472,81.01162,94.157074,72.40277,91.056564,16.42027,85.76828,82.71998,91.831474,44.16455,74.79634,2.238346,68.877174,23.420952,34.79347,22.884449,65.143456,27.19549,47.123596,73.53579,58.30365,31.512943,81.69207,0.56935674,47.410103,54.572906,43.091118,19.343569,94.359955,17.545902,82.860535,95.76169,34.455715,7.0693398,96.41489,67.3859,44.962753,24.47797,78.52166,71.270996,23.885433,77.213905,58.424465,89.769684,44.631714,49.117844}"
24,"{74.49809,74.094215,35.0503,25.378164,48.717937,40.529488,83.55618,18.343493,48.556637,27.073795,10.57256,67.28448,63.830406,34.187553,2.9855037,70.18246,9.46391,76.57463,93.22087,51.948746,93.394325,31.884512,56.211315,10.923673,58.475353,64.34714,88.03834,95.41701,35.164265,18.14052,43.335682,2.341162,90.18715,47.30984,26.364698,20.12802,57.798355,70.93546,17.56986,44.144806,22.512266,97.67644,45.757046,12.331694,33.433147,50.55068,90.98424,55.933804,63.999046,77.6687,87.802025,50.7158,50.85817,58.49363,38.430748,30.213476,10.792776,97.99797,94.42546,78.24109,24.49095,46.830845,9.784816,23.446178}"
25,"{15.247651,37.364265,52.543888,86.15756,34.372917,90.383385,12.70481,75.64239,83.52864,21.413725,96.7655,54.272446,68.050964,69.49287,20.782543,0.65804654,40.499725,33.91125,30.33659,44.76279,86.47912,49.445198,95.259346,69.14947,46.777115,60.326702,65.642525,78.17358,2.969268,84.14289,82.40787,14.04726,65.03291,44.599445,17.310875,29.714664,46.739334,16.245832,63.230682,24.44589,50.466957,73.53746,3.3274162,71.56769,80.751976,93.75424,87.302414,57.965603,83.821335,90.12352,22.563988,52.636562,57.30627,73.88651,18.382933,93.928665,74.39438,76.942474,80.73066,51.02301,24.239483,39.108475,55.85509,70.10199}"
26,"{35.2177,44.01004,31.002707,56.48112,39.615467,7.2995677,73.09094,94.29335,72.8921,1.4748755,80.43637,40.202663,13.420852,78.2953,31.52652,98.74864,40.535065,96.982155,88.77549,47.5074,71.05965,22.424269,87.52572,10.082603,73.87462,49.928284,52.364563,5.360542,25.331446,83.161964,8.039886,40.38588,67.73142,20.402708,22.621864,71.11183,51.097923,35.652405,50.620277,66.1861,52.96286,9.304331,55.889713,61.44873,79.98693,15.602691,43.51642,51.10112,2.4001472,97.9363,29.467167,91.27853,71.25289,8.9342785,22.394238,85.307526,28.39123,0.32445794,87.243706,21.102114,69.30681,71.57889,41.63353,60.35775}"
27,"{34.26951,19.571022,97.59078,58.414616,28.448824,30.935722,80.2151,71.41425,47.400337,70.746666,16.031372,83.76585,70.98052,5.760631,4.8838344,40.62946,92.414314,57.140358,45.69597,75.33621,46.144054,69.636765,36.57448,85.18523,59.81839,64.12783,79.68668,87.231224,74.22938,74.68016,90.01307,11.415699,87.38287,65.48604,91.20947,96.17064,92.71065,46.762585,20.957273,2.472865,99.53445,20.67216,9.697751,68.84566,69.41728,61.287937,20.715126,81.15384,43.44232,78.40233,84.13893,17.940536,11.514551,9.437329,43.38208,71.79446,19.566658,91.80651,88.42873,8.662337,78.46354,68.801926,37.6623,55.543705}"
28,"{29.145525,93.502464,67.81632,49.595486,2.1492531,99.45151,82.1908,11.868694,51.428562,75.123085,60.3668,51.795204,28.010736,96.74069,90.94883,65.800095,19.422611,65.14782,52.855503,68.25675,17.276196,45.53349,63.665676,15.213058,84.49665,1.3302519,46.6223,32.2449,92.30089,37.031013,5.025921,95.34886,47.40029,49.580456,15.651963,97.44083,64.524956,29.015823,26.051813,48.817574,86.082245,29.851955,36.510174,45.46126,57.712967,53.08052,71.20635,8.48229,29.152103,71.39966,57.752995,67.02729,27.906391,98.2869,85.563385,67.91063,7.910865,34.716515,55.04083,41.908012,85.91492,29.706078,47.816765,9.489246}"
29,"{69.582664,5.5230646,87.426285,39.736748,48.191822,32.418705,46.95156,83.83244,49.712166,87.37532,30.148542,38.89531,77.583336,6.808513,73.0758,85.77588,82.64912,93.77311,9.755168,13.884366,26.711433,79.36115,26.212378,52.031845,75.623634,68.09208,8.485568,72.945694,63.643856,34.684284,20.776184,13.492377,84.1228,40.22926,36.58859,37.17467,42.024986,19.093775,78.01257,71.20196,4.111092,62.543262,93.61,39.959133,75.985435,13.8647585,53.848896,29.181484,40.094402,54.486782,52.673935,91.303246,93.91794,27.125225,45.411625,9.570431,17.109194,25.27033,5.3955956,95.44278,74.60163,7.373679,55.88754,95.96434}"
30,"{79.42558,36.962627,99.30086,32.130913,14.176185,38.731377,74.45797,99.3598,59.08502,16.624437,84.49162,12.071023,33.112053,38.2935,45.711052,17.779333,3.350309,25.389067,61.784187,95.19609,8.592414,39.32254,61.237717,65.43372,21.72787,44.84414,90.66091,16.841484,9.616968,10.531149,5.0428433,80.189514,50.428905,46.635666,72.11412,1.3308767,19.657352,31.33045,23.953814,79.144516,34.968437,69.90682,68.82414,55.092625,54.838383,15.67392,74.38456,21.274292,0.058081098,43.00029,63.10174,22.146505,24.388906,53.005672,17.613855,53.39786,10.030415,50.794407,81.638664,53.648502,34.500576,13.826031,97.1625,61.120926}"
31,"{22.739962,67.10971,35.34802,90.15386,6.7523713,49.51603,33.904697,19.950058,5.21772,42.81402,32.439735,80.3564,67.90326,1.3165631,17.2249,43.43154,10.313262,64.57044,23.364443,63.2846,69.12485,21.736658,53.831924,54.953644,10.140441,76.61419,27.37254,22.282831,9.640509,3.1693316,59.768173,67.76123,44.349777,88.51048,72.17339,78.5785,72.256935,3.1223795,45.70237,43.766907,69.08262,75.53723,50.54295,29.833715,26.418564,53.22536,50.77019,15.902868,85.91924,15.152521,60.71634,54.802765,18.184944,40.052933,26.027737,1.0429367,89.215004,92.94847,51.015224,99.06415,45.92562,49.808575,55.008812,0.9343184}"
32,"{94.92577,54.559277,33.39808,28.768793,15.546556,76.04175,25.92753,87.113846,4.355908,76.18283,65.48476,89.44358,79.706764,99.8253,37.743732,92.44358,12.218924,75.69156,26.095028,35.112064,91.75328,65.1989,30.609354,86.68578,89.983284,88.74957,25.454014,99.34186,46.99715,89.18828,80.139755,96.447556,62.68253,89.91975,97.9558,64.300835,41.47266,65.33876,84.50473,40.86035,50.201138,47.435593,22.739725,46.501945,51.46655,42.455704,3.5097117,93.52005,62.5045,62.129208,5.3221107,58.639187,25.873453,86.12314,79.63857,48.49809,22.363424,55.948162,32.139565,25.764727,87.82842,59.576042,82.454994,63.64462}"
33,"{38.8306,43.56036,79.09818,31.030088,62.08685,92.63039,69.8104,77.93959,70.058525,41.73749,15.0863085,41.311714,80.2666,42.62914,51.982014,51.307896,95.005394,45.523987,91.89676,16.264103,67.33691,89.741196,78.165504,55.09994,60.157463,27.639902,53.117737,35.691174,79.63272,50.454296,38.672535,49.34901,79.60351,98.13241,26.289877,89.59934,47.193264,37.73162,90.73404,18.952065,44.628952,94.98218,84.99027,62.893303,71.367516,44.055965,70.98615,5.0807624,42.45427,63.187153,80.49244,12.398302,42.399345,74.46405,53.516327,60.41458,92.82442,19.787716,46.264595,77.740166,71.09919,10.677618,48.772915,77.19813}"
34,"{85.86287,95.36372,72.806854,89.58725,73.72907,44.566692,15.692431,85.65988,44.936108,88.72508,35.191257,38.85587,9.871804,79.43449,77.07434,96.989746,44.231216,70.834175,31.156725,48.703663,49.325306,60.992172,86.53408,69.85795,82.33146,26.439692,53.72451,47.482758,35.956993,66.39573,94.29082,12.368018,50.28157,27.467958,79.03779,75.29753,23.973091,49.34597,98.59713,92.37163,35.466743,90.90909,97.492424,69.40914,85.20204,12.006738,49.79367,18.233433,71.08604,85.75186,54.21425,64.45195,24.76083,50.375206,94.772675,69.418915,75.08326,18.462593,93.55139,12.274239,96.86746,98.74209,11.059835,1.6887313}"
35,"{22.105167,44.56951,21.488548,73.18878,82.582535,81.00847,81.77493,25.217905,57.389057,25.10587,9.753267,55.51591,76.90717,61.8799,5.4074464,55.618576,92.43865,70.98111,65.872795,83.52493,33.93427,79.3373,17.643984,67.63007,18.929426,95.791016,84.55306,55.226902,35.644474,31.288107,26.41033,39.150295,39.491344,28.144094,77.489876,10.944888,82.45788,83.92996,25.841572,59.317432,41.849205,18.272879,51.08555,71.18509,51.796867,67.113335,60.0696,88.51138,36.257656,10.515236,64.5325,18.055143,34.685207,22.868061,53.518032,0.429229,35.250072,43.19215,54.33872,88.32346,39.80289,77.263,10.820445,6.799331}"
36,"{79.42751,80.47489,55.60814,18.186117,49.435837,12.896753,16.528477,63.83384,3.3459313,77.0259,85.25232,29.90544,22.404078,29.571241,32.452263,86.17944,91.51696,25.513994,77.79817,78.707245,65.32154,94.07908,98.77638,48.911434,96.119514,39.546173,80.569565,84.67108,35.43516,96.53928,94.02023,41.02627,75.22655,80.12438,21.759201,58.820774,95.81052,50.345043,98.462685,44.923046,63.18333,42.427265,62.270123,95.21993,16.775675,95.54095,35.826466,55.524258,3.2306113,81.53318,30.194757,41.600014,6.3046265,91.326164,38.81856,19.971712,56.548088,70.64229,15.412545,79.89601,56.416027,12.383829,95.54889,74.24323}"
37,"{51.600628,53.42174,71.02548,45.03752,12.682624,95.86595,85.899895,76.57126,53.00172,73.28969,28.214256,85.440674,9.591227,21.116823,9.595927,89.20442,10.065681,36.769875,81.585915,21.868984,65.76262,42.597137,41.021706,39.838387,91.80211,95.49033,43.19719,92.67888,99.935356,37.974625,19.765156,1.9524885,27.313236,11.965915,95.17605,82.938324,11.136854,77.97612,0.4105846,69.32365,48.386677,7.995737,93.227234,22.504545,64.60989,72.34981,40.284023,64.14941,74.53332,81.3233,86.295715,3.869686,38.831886,97.1653,99.65324,10.497007,89.80193,16.148111,21.275608,14.430603,18.3591,62.683105,65.3108,25.205568}"
38,"{35.409233,6.1442776,95.88994,99.81198,62.24738,38.15399,85.51933,26.90355,82.55614,54.832882,7.730293,74.969376,38.445457,10.16257,21.973824,40.463985,55.75792,17.471321,22.933472,78.02151,90.82655,14.508454,82.73672,79.00495,48.59815,1.0642148,54.085606,18.108892,97.4184,48.122135,99.027245,18.453005,11.023111,44.66695,93.682495,3.0483544,85.91146,37.14169,48.29719,40.72242,90.12567,60.844242,96.83811,45.1508,95.669464,10.030318,6.2012944,10.723293,74.8244,30.962542,44.921703,34.292206,14.236206,0.4936531,30.870848,69.69662,28.925909,11.936598,50.416916,36.17543,70.7268,83.9596,44.325325,72.784676}"
39,"{96.76532,30.116724,82.53491,20.69313,38.511208,33.5125,77.90726,72.2803,30.951872,9.194887,2.9765656,50.399734,85.2425,66.42718,91.30161,49.65846,22.703623,3.3240638,1.7272056,62.32302,9.551684,40.827473,58.001514,29.279222,11.837371,84.0867,13.880553,57.69363,20.625534,53.49764,34.008163,64.56081,15.686779,60.514595,80.22689,73.64329,49.403423,84.504036,91.103294,73.45697,44.05386,95.05382,86.70368,48.520447,28.273611,32.038254,1.2085885,14.23293,60.755947,15.18484,80.79525,8.194433,39.919014,81.77197,4.1470513,34.8193,11.4122715,10.349229,16.581303,94.567055,15.357055,59.01748,77.547165,99.43355}"
40,"{61.821438,46.900967,24.372364,29.483145,56.237617,19.11695,54.681522,94.69372,81.612915,29.991547,35.733658,57.329296,67.10779,41.737274,3.7072568,44.10938,63.812866,90.61467,20.186934,37.832516,9.621463,8.126265,90.07656,14.619745,92.54662,78.47754,5.993333,66.91843,32.566578,56.88992,92.81116,81.759224,58.307045,96.932434,64.15844,87.96104,89.10211,33.47935,34.885544,31.065714,73.050224,24.893284,32.164066,18.354046,25.74165,71.32989,18.13954,12.507249,55.836826,32.478794,41.9196,57.055954,16.38972,68.4737,23.941391,31.98751,43.819523,12.064667,95.03893,57.609303,19.131813,52.45143,52.24861,59.401184}"
41,"{33.083965,14.494209,97.78736,48.10665,53.4983,58.4768,23.764359,56.24504,69.1828,1.3877941,27.906124,54.673855,31.567205,81.06255,62.56307,77.45093,88.15913,98.80817,56.010452,38.263653,27.54021,97.6947,9.859732,81.89195,55.438118,64.97997,85.37036,85.90034,37.32079,4.6458783,93.523056,93.9233,62.172188,65.32819,5.6217036,6.988923,62.14298,49.647915,92.48352,94.35431,16.457438,81.79185,78.31814,72.89986,48.44375,93.89713,90.36314,83.40852,10.295958,70.1853,85.223236,3.7629898,29.94151,86.74516,8.45433,50.51376,52.260674,19.3214,73.85486,50.252197,47.27783,90.43186,44.601547,6.1740475}"
42,"{30.526405,58.676632,29.032598,40.114635,65.59889,49.34567,21.58944,79.71093,11.262901,7.570302,84.04204,59.296368,71.09789,58.55097,66.317726,63.321323,83.342575,58.145756,60.51807,15.738683,3.8089116,49.700584,99.34334,87.68455,31.897749,36.883396,92.26271,90.267075,75.83762,78.955696,13.296319,47.261253,60.46925,94.94142,44.951145,13.467571,31.733318,71.16423,58.226753,54.462025,84.320145,36.311806,91.04305,20.04275,30.851706,47.302742,32.11575,91.02379,85.94558,4.595247,37.20442,22.862293,70.32711,38.0657,95.58429,42.217052,57.891544,14.140403,30.15853,17.770844,21.667442,65.49002,91.259514,44.917442}"
43,"{57.702656,29.359045,86.12293,77.18835,24.004807,56.631496,50.30889,54.109894,65.15073,67.220146,98.85251,15.635853,62.67901,38.563843,11.328308,34.05425,62.85334,22.242401,81.79714,13.542342,63.100986,52.349834,60.071167,10.125941,57.973335,90.746025,90.9956,67.03586,46.73749,15.137994,22.431074,75.25583,24.89731,1.6911106,57.06565,90.89484,28.578066,54.1672,7.641722,30.928194,76.623276,45.12118,27.013756,39.43312,83.58975,34.215427,3.833173,56.856205,66.04454,26.047112,79.57573,25.815063,73.43457,0.9078272,73.88466,45.739285,77.39904,61.547794,31.413343,14.144341,4.119351,66.30317,85.93973,9.916924}"
44,"{92.86029,81.93054,95.729904,30.643213,80.26695,70.30668,40.00033,65.26868,9.57817,92.98546,89.73121,90.3363,32.342545,61.711067,19.692324,24.370226,38.434814,5.68453,12.846601,63.87577,19.438076,56.04661,6.5954885,85.700615,37.362923,42.117554,33.737965,15.492397,52.112576,43.92497,43.45713,88.60575,19.280766,82.02337,30.86306,27.529678,37.305573,43.190266,22.158937,14.758579,27.530275,22.96638,28.722538,89.61578,20.485313,10.945039,2.4826474,56.016514,90.161575,89.02467,59.908585,71.250854,88.96308,57.397404,38.520866,35.86165,48.489414,37.797493,61.686165,15.434692,4.6994066,32.47975,1.005107,67.019714}"
45,"{5.0538564,83.60616,85.076294,87.932724,54.947556,88.31825,35.87391,51.38866,51.44982,75.95408,54.273933,91.87558,44.724068,55.886234,92.07975,80.06805,17.446913,46.627678,64.72147,10.610406,6.3658285,12.553507,84.93411,71.065575,29.40306,66.26179,49.27199,73.06972,68.3276,58.747574,35.216026,90.16709,78.18262,31.759079,73.61471,45.396107,7.893391,66.57157,38.81994,36.491802,74.62143,39.64484,44.498558,40.15889,10.619799,10.977702,76.89489,38.414413,14.038617,87.25464,27.277767,0.22146738,73.09869,44.973774,72.22737,97.821045,80.37659,83.593864,72.916855,58.165707,15.021386,34.344513,34.046307,41.076103}"
46,"{95.25813,44.774544,48.83062,94.15237,11.5459385,24.49802,10.479316,83.612305,57.581234,95.12622,52.798084,15.194339,17.613516,72.3018,85.565056,91.71618,25.229368,94.394135,64.677444,57.041897,32.12967,39.151665,16.02742,29.866713,62.05709,63.87932,56.762608,66.227135,41.820583,8.020659,1.9430408,14.894691,10.517746,89.94155,40.359943,54.28706,92.09404,56.864136,24.984337,59.265743,53.132133,41.977715,73.527374,28.782814,55.37938,93.51099,68.09613,74.94998,94.45402,53.804314,92.905975,96.45487,6.190136,33.04994,51.264698,26.62647,29.27038,82.3144,61.18781,2.7019012,66.547775,77.723694,79.46375,68.380844}"
47,"{62.48142,75.34558,41.001705,18.543512,55.42428,41.47272,0.9128338,71.589516,11.437201,51.887123,15.862254,11.3249235,61.505993,46.52424,16.45924,53.344154,52.465,22.07063,79.31535,38.644012,59.850594,7.8009696,64.195366,44.555244,69.903404,51.830185,4.527056,86.3291,9.903668,12.428136,27.34925,94.783585,28.166203,7.684174,88.30068,30.76831,4.8608184,96.24597,78.03684,96.88394,15.191159,0.7824908,35.870472,43.48909,90.505775,16.989065,74.64015,28.705061,99.085884,86.17924,15.808332,71.609116,35.424618,24.672695,76.37651,51.375458,98.864845,63.23234,67.99349,21.627422,13.89055,33.730167,25.049665,74.11458}"
48,"{94.87884,66.09808,91.833176,45.997322,57.733418,8.574203,71.02436,94.04407,94.87005,29.479702,76.78571,82.02027,44.152527,84.50919,88.14186,46.133987,27.54301,64.10594,62.72574,20.82254,12.700933,59.30018,30.594534,53.204105,57.123768,78.856514,33.8044,90.52417,46.56387,7.2081275,33.70354,48.81037,99.58648,42.01808,56.195904,22.182394,10.773543,86.93027,50.09429,56.882015,74.058945,82.84568,67.4848,29.689293,13.147035,37.63785,42.94028,51.134693,41.375324,96.42086,13.436933,75.5262,42.503567,83.18281,28.746588,84.57045,65.8265,29.73936,6.5099564,13.124936,43.111958,93.5486,73.57011,74.78523}"
49,"{85.86557,95.02741,49.69801,93.55866,4.338616,84.74954,98.62444,54.34002,94.8579,77.47722,29.167976,99.38282,80.11087,73.63666,43.893055,47.11158,13.9222555,78.90861,29.633379,21.669193,4.080161,42.447094,71.67518,11.32435,85.49155,66.30518,67.52507,27.62386,33.263863,9.43813,65.91465,97.87465,28.428797,74.73981,68.75621,75.65249,35.46437,46.575558,97.7127,8.594052,73.3659,47.895447,40.242317,22.333956,33.908302,33.000183,82.60148,3.258497,40.389767,86.20419,97.32536,31.486029,36.31842,83.875145,50.955887,96.43522,30.282654,12.568213,12.864386,39.35454,5.0253034,48.220596,89.347,5.6694274}"
50,"{75.230194,58.693176,47.99307,51.930016,69.74535,26.471247,87.6913,61.048096,35.242996,21.255917,9.408301,50.493427,45.29628,18.746096,44.72559,62.838135,32.494526,36.444523,53.54181,59.715523,92.79065,78.19871,42.63822,78.68157,87.36003,73.85049,24.080381,88.981575,54.742767,10.320166,0.6131781,4.7404137,57.14838,56.258923,66.03836,92.08634,2.0435524,28.69584,56.594257,76.219025,81.350624,70.574295,6.9494743,3.0414686,53.902622,50.470955,6.7523336,1.8520974,5.6861935,46.935474,33.733242,96.46028,70.626434,90.65887,52.93957,14.231271,91.309654,48.01539,22.404615,89.83268,73.49572,93.429886,69.84014,73.25387}"
51,"{15.247911,28.566849,97.03362,51.975365,16.025112,20.647362,5.5778713,33.512123,33.469917,96.4677,4.225244,7.0402517,16.532272,3.1716192,72.21689,88.10155,8.947834,30.834661,89.87786,26.68682,63.213455,48.831367,65.89231,31.112303,3.6507096,90.216774,56.09208,84.37151,19.816929,92.46594,80.23366,38.977448,95.61875,74.445724,57.839775,5.18017,92.52523,68.07076,41.2944,56.887207,10.098266,87.41168,71.366806,82.227,66.801704,80.83228,97.37709,90.63852,47.17446,84.84979,29.290752,46.366325,86.726425,57.71755,42.94403,46.57426,47.42118,81.163765,70.96867,69.811035,28.740952,59.28745,42.229286,32.67679}"
52,"{61.79387,32.379448,0.9478875,56.224125,16.741133,42.531666,45.21883,32.41541,82.32391,8.512774,83.17618,19.94768,36.101444,74.777145,56.341038,89.60782,46.129692,17.952671,24.136198,85.25602,30.48412,12.1009245,24.51085,97.34041,46.84153,48.901115,14.181853,42.86757,7.180699,72.18199,72.09654,66.902756,74.74499,48.478863,3.0930834,85.42255,34.253204,51.15576,69.9288,63.72655,59.778755,68.79672,83.22842,6.2313757,85.88671,56.78867,95.64771,36.47959,9.980558,71.10879,41.643158,86.32115,81.13458,56.16936,83.483925,32.75039,22.056532,94.10527,21.154314,13.655438,65.63216,65.116684,84.996124,90.169304}"
53,"{90.45642,60.469177,99.57155,75.37503,5.874223,38.633804,12.337626,15.347165,56.66917,17.012308,56.17684,39.005226,1.2962189,56.99154,28.300856,14.672467,21.410397,78.02257,45.023823,91.79762,70.66843,40.402897,80.68901,20.793524,88.9552,68.895966,35.74089,38.722244,36.207214,66.754875,52.490276,66.52195,25.077038,47.693012,14.260662,69.09835,11.326732,11.492239,13.880443,93.92912,87.885086,15.9508095,58.261536,89.45002,96.09904,76.502144,17.25587,50.567368,34.309902,16.898262,15.095347,85.89524,98.26025,25.727203,72.29921,17.032799,14.068895,59.16354,13.588526,23.224781,26.99465,99.238556,74.506325,30.496874}"
54,"{37.650406,97.1291,35.342293,9.800053,51.74853,34.62946,37.65351,17.368904,45.187077,45.281086,56.02084,57.496437,78.96966,84.84379,98.3599,24.911924,9.046299,3.216386,42.604645,44.141575,75.938194,84.932625,19.200787,46.41942,74.54747,20.4118,58.699387,42.24555,62.749184,86.73627,15.7532835,67.470665,80.42297,35.426533,86.72916,12.2926235,1.0262924,50.117695,72.50661,21.81749,3.4716291,82.90028,23.206045,71.461845,31.091095,52.127438,92.74501,34.615517,40.31061,73.52588,41.25637,39.366478,48.081657,51.358887,48.312164,47.99801,73.21364,17.116568,43.197094,31.24992,61.90872,23.756767,56.5916,69.400665}"
55,"{66.730446,76.954765,45.19435,16.048302,55.957314,68.2705,14.088568,56.580856,7.1145287,14.800175,45.8992,81.8278,45.086212,65.998146,58.674507,54.93495,27.543102,10.251817,31.443983,54.32719,34.74706,64.84541,15.856006,32.50244,58.695393,15.599796,60.29609,95.68391,99.93966,53.228184,8.356041,15.955956,6.4622726,37.869102,53.204006,69.894516,35.239376,80.9759,72.84594,16.911139,86.39237,23.449099,85.83401,99.158134,75.277084,83.34711,32.842365,52.05074,37.93679,57.51879,44.683956,50.97409,48.821785,64.94727,22.58443,2.8422925,0.63658607,80.419365,60.47411,89.71258,9.010391,4.3429136,43.131695,31.038973}"
56,"{59.10422,66.19191,77.453026,98.34993,77.28874,47.29513,58.974754,64.68837,53.982193,4.6895657,51.9199,26.157652,49.27253,66.78929,11.1258135,96.034035,12.01913,77.98988,98.753105,46.357067,37.00625,81.41672,30.957375,87.479904,69.98563,24.274467,20.84782,14.099073,63.99284,40.16808,87.983086,64.69772,54.359123,37.9094,63.103996,99.60116,86.88627,1.3270416,94.32546,86.99288,31.539227,63.15145,29.96919,33.87149,90.88378,55.906742,18.790997,24.204166,61.811802,0.7213029,93.529045,45.172512,94.62407,71.950424,34.27404,36.6981,74.3623,61.42662,97.75152,83.22426,4.7922087,65.02162,33.636436,50.428642}"
57,"{30.345732,69.084076,33.729206,25.120049,80.65166,32.33807,1.2609212,42.568306,56.352795,36.18084,20.627388,32.025074,4.3682246,23.257484,20.151804,4.876808,11.568614,10.032597,77.53376,78.950966,4.260373,57.202267,27.757504,31.7585,98.50271,14.6363325,12.519018,11.247022,45.00481,41.61404,7.6150475,87.870094,39.375683,93.98275,86.955765,90.921616,81.34582,87.15789,18.467606,46.17524,18.080307,96.28447,35.50661,83.504715,70.00133,65.15007,17.68181,51.502773,31.09156,25.392536,35.180332,1.8853192,48.228226,3.0617847,31.592438,56.950466,99.78236,25.615349,20.468628,67.40514,16.90402,67.95573,61.827778,0.8864463}"
58,"{71.30861,59.220272,35.81391,70.46262,11.001369,44.840675,93.71985,40.835472,75.5594,82.08982,1.522129,12.978818,0.9766506,77.183716,90.57933,37.197437,11.624973,22.320597,44.722725,93.299736,44.863194,0.19823983,15.915944,84.53069,8.817333,18.994568,13.091259,50.456867,2.7543724,64.02994,24.61069,21.042841,44.485367,83.91878,45.78836,19.180737,32.88124,13.591951,3.5972593,7.9668913,3.6982095,7.8208404,23.432055,59.659725,11.633999,64.55414,22.78561,59.660778,34.327816,44.304073,56.908787,16.759117,58.64602,90.870316,77.76153,22.553396,85.14364,69.80755,3.4416642,32.26301,2.4537618,18.231403,67.221794,46.470512}"
59,"{14.239382,35.882652,17.572838,80.67437,92.265434,99.96113,50.15527,65.409,20.443712,1.2892407,54.580124,24.20619,47.015697,37.12489,70.45615,6.4880447,81.3241,55.73082,44.3363,85.81923,34.15342,93.00142,19.95621,75.59114,77.97464,24.489662,44.732796,20.509766,87.50379,43.570557,34.788933,26.122797,48.98613,73.78906,65.52773,24.5231,6.0658746,0.29961258,84.548775,3.3390396,43.828285,20.40149,25.841621,59.766453,23.750992,39.264473,18.885107,70.871056,39.331413,85.83762,71.51219,86.41746,3.8370357,71.520645,81.97071,68.3463,42.03662,25.392862,32.13329,90.57211,91.30823,93.64336,91.71076,19.421724}"
60,"{23.89075,5.394149,41.84086,65.74871,51.269424,64.48457,7.608925,8.078768,29.094309,98.18137,82.77244,57.161972,32.268566,64.448944,78.88293,67.69011,45.86762,13.674161,35.61487,5.9041796,19.630472,6.9693375,72.72282,82.15311,58.482494,88.81608,37.768078,36.51782,85.79959,88.36679,31.510887,81.29525,82.113754,11.754807,56.391323,15.916903,2.208979,81.90832,97.373024,23.791838,35.896935,66.30822,80.96124,74.211754,50.3372,4.6302238,72.606964,99.99654,28.035603,44.082664,27.959665,18.71475,58.384483,11.373262,55.333866,54.37038,10.88362,86.55123,28.92213,91.25212,94.39387,99.47995,1.1451306,22.60512}"
61,"{13.634882,87.46613,42.316574,15.8796015,66.66273,39.733284,13.567563,2.0718071,75.58497,7.1707153,89.58476,59.197323,17.934546,84.37002,58.845337,25.885864,83.886215,24.693113,66.16743,78.68214,51.130283,41.38045,33.83831,90.66484,66.29975,80.9449,19.447302,65.802986,91.27334,45.81077,89.76189,95.96535,1.6551034,46.91448,17.28253,0.15787643,70.78151,3.4127007,29.044395,89.42079,88.559875,84.43638,53.166218,18.468313,23.44401,29.739328,47.753834,75.76162,56.3593,53.934124,47.036205,67.99015,86.17096,58.664627,91.84645,40.185043,11.427113,63.47556,4.372324,57.74702,36.997547,48.308365,31.915619,56.95131}"
62,"{86.57669,46.546093,90.45684,42.96551,42.84432,69.476814,38.169994,2.618699,1.7129315,2.1366289,61.53689,78.18868,51.179802,21.983635,55.04601,69.98972,49.80286,30.059435,70.1161,52.76734,36.00106,87.594284,33.160297,83.62599,93.82458,46.846504,27.71592,78.77599,0.44240192,94.84103,75.23351,50.699505,97.56145,73.15147,65.185295,35.873188,45.841908,40.58477,92.16787,41.98316,15.940447,42.26751,78.00075,90.223564,40.240063,85.95367,45.636356,86.943565,39.070366,91.19002,81.987206,95.32148,58.054237,20.167356,74.3425,84.1843,18.217997,60.59435,33.503033,51.40399,17.067356,64.75977,62.5352,73.89787}"
63,"{1.6670976,48.16525,87.37131,47.11329,8.888541,72.84214,11.414106,92.51999,73.73718,30.906002,75.7023,32.166695,4.688151,63.301823,16.736622,31.439667,21.196138,96.37181,91.240685,73.01468,19.279081,18.211575,39.238476,51.40405,47.882668,0.21318987,49.984188,24.81521,33.51077,63.227646,78.40564,62.16682,20.561712,97.981766,89.5586,12.525344,7.461862,45.38404,24.686014,62.96437,56.86785,82.842,32.197468,51.508564,65.06204,20.444206,70.405235,53.563942,59.64891,97.64909,4.1629925,53.779137,94.54304,62.85037,5.4516306,67.91319,61.103878,79.79437,57.057983,59.85234,88.51336,15.314486,10.22114,52.83078}"
64,"{64.81635,40.286243,80.716934,8.142077,42.470886,2.2238626,85.363914,12.712588,64.11674,74.72591,32.227665,3.9450784,41.21185,41.288284,25.5499,67.88866,71.16349,53.153484,31.123182,78.27353,88.86446,1.2344605,52.771675,29.050695,12.715605,38.18187,86.89669,33.145603,80.1698,69.857445,73.628456,73.080475,35.775764,36.401585,31.731016,54.416103,68.152115,16.367695,14.586037,16.644428,19.115479,96.73178,28.696962,35.826935,56.46547,54.726177,19.383244,23.079962,5.150553,31.208527,13.663373,98.67998,33.472824,40.539043,63.556126,45.384174,50.71735,48.643326,7.7749987,10.382403,69.50841,63.08709,52.47705,3.525769}"
65,"{45.007267,59.6508,6.592522,2.087222,18.793776,26.194302,21.35657,17.836185,58.248924,32.73624,11.852382,60.74957,3.1223676,46.893566,48.33166,71.89605,65.68454,55.449955,22.292322,24.141712,5.696966,39.22661,25.064873,58.118256,37.969074,82.056694,41.10187,38.717606,70.39901,92.0191,3.2044861,67.13914,1.327701,29.735046,89.29523,49.690372,84.288216,94.10075,49.6068,18.164307,48.63916,19.012894,36.667324,80.28375,19.275467,8.194222,98.39725,91.57596,26.069708,40.961536,74.98214,22.841265,22.68158,45.57538,83.747925,17.39352,28.964277,73.612495,61.65553,8.324446,75.788895,47.611637,73.6749,93.58978}"
66,"{15.408542,63.12734,56.43327,42.704178,84.51235,37.413696,2.2094111,56.79965,86.20764,31.442411,58.42811,98.84681,26.961176,65.09019,14.972849,4.618984,85.984314,71.42659,26.368097,30.719385,58.931736,33.473385,1.486233,73.476074,51.681183,43.031727,31.021566,33.086044,70.26688,57.68831,86.47065,8.968366,71.95913,89.48181,45.502556,4.340132,92.53633,81.566216,91.94587,26.592363,23.815456,51.238247,26.52366,82.71445,81.63754,46.65754,62.11026,49.954742,21.20287,67.29507,77.65161,16.834522,37.685577,85.47814,63.785675,30.837757,44.512074,18.299387,14.234181,0.42757317,78.95554,89.62677,36.637047,0.90235835}"
67,"{19.48801,84.058685,68.90527,47.972412,56.660248,85.54035,69.42699,78.34743,79.48169,59.18797,86.43829,13.173248,82.990524,35.907818,21.241547,54.503807,75.89658,94.96632,57.20629,55.36294,46.115124,73.142,89.92414,15.126948,98.27072,12.913601,29.620537,40.28903,2.7315798,62.812958,53.880257,9.062027,27.642435,66.16477,23.657518,21.208319,71.279015,89.57522,77.96653,62.99075,74.67994,8.410212,39.94764,83.81373,97.06838,55.875057,79.35346,55.12904,47.51189,66.98743,21.88717,54.239487,24.355185,84.603035,95.05176,3.0300417,53.277985,6.6504107,81.84825,63.238636,89.774216,20.860912,79.21828,91.05704}"
68,"{62.125942,13.609689,46.80008,31.599318,46.575367,35.14078,85.40807,61.625965,52.712986,25.627268,13.517703,91.964066,39.744217,40.468433,56.61503,20.97747,14.227115,83.26724,29.043018,90.43893,78.36044,49.441677,54.244232,65.023506,1.5254648,79.84416,28.175995,17.726871,93.441826,13.598278,6.085075,13.723692,27.194092,43.177654,66.51232,3.9927452,27.040972,7.177202,42.90483,53.481808,27.16549,90.95329,84.90702,74.264465,71.506615,40.090576,23.458221,26.21288,54.987267,63.305958,29.231798,1.8979837,66.590614,10.802844,18.509317,71.01658,43.91737,51.18352,27.907248,16.481129,66.47664,38.817387,35.887836,19.802776}"
69,"{25.72832,7.114897,98.9292,19.524105,8.825674,48.59988,20.65274,71.750114,10.4349165,46.198128,17.97196,36.382076,53.578407,12.02146,57.111782,23.138935,12.116951,19.44036,29.639248,86.077934,10.523767,94.783806,32.746414,8.884626,52.59043,69.02313,25.047138,82.040985,41.537586,93.79199,98.017334,20.008047,86.88791,55.63273,40.661415,86.25001,5.9148655,97.07005,70.5766,97.31449,72.34054,81.68678,55.675163,26.866623,15.363603,45.567944,87.58815,65.71301,46.511414,21.104692,78.200584,55.167854,78.997734,27.087591,5.6592927,65.89304,88.31199,6.2108746,14.162441,61.434116,48.06124,86.5596,84.31145,60.48534}"
70,"{11.340111,15.426204,7.018664,91.42172,15.1349745,94.03107,65.969345,40.36953,78.810555,51.594486,21.29707,5.1466055,83.222374,71.978935,83.123535,33.450584,35.4057,0.10715235,18.425335,97.92851,96.3797,46.942085,81.62192,23.011856,22.956177,8.43077,39.444683,59.992805,15.450925,56.969467,47.97177,15.662298,84.068344,34.208435,65.936035,85.39938,29.987085,16.010265,68.08449,59.930744,60.64738,67.797424,77.8506,53.66614,20.574232,9.126182,25.07111,5.7202973,62.721954,46.921997,64.925285,98.17684,24.563835,68.284706,64.49745,12.120936,17.058264,46.061493,76.97638,44.311115,12.5939045,57.49618,16.933369,56.488724}"
71,"{4.7585645,41.26051,17.603525,47.206768,53.30869,78.18646,69.681595,71.23506,62.370995,22.239058,95.69895,84.16244,29.329294,90.95067,22.247303,36.42962,51.994816,47.99728,49.645554,59.91109,68.79715,38.212708,43.410316,86.1058,2.4470787,19.550524,50.200394,64.34267,73.70674,43.818893,71.68765,44.067577,85.76375,73.99705,69.79869,81.72675,58.76353,60.223106,65.524994,91.03195,21.140463,87.81207,78.376526,88.08386,62.647675,31.674671,14.73126,79.10114,91.874985,14.078235,88.79882,89.07652,57.3334,42.699158,70.47143,51.84406,19.955591,68.30392,28.592424,44.63902,60.508743,25.166157,37.55839,98.67655}"
72,"{67.646484,20.547375,58.92241,98.53736,51.159637,4.3670144,99.83554,70.7652,25.753582,47.755985,96.612976,81.1487,99.02703,74.779396,17.117395,12.339484,4.210875,49.546234,20.502632,81.971855,44.915142,9.574478,40.45654,16.082521,62.209606,33.091686,59.536613,94.72873,10.723564,24.426413,41.430817,94.18034,2.299689,28.35233,66.737755,22.388475,75.5954,35.81276,40.695515,67.64529,5.7246275,3.570327,80.56036,92.044426,27.718184,76.7483,51.22108,15.688866,4.708389,12.773431,63.119858,70.29619,90.083916,58.773647,22.437723,94.204865,71.49459,21.96885,83.40428,88.63699,22.908901,98.024086,82.9339,27.833483}"
73,"{53.645496,28.776684,82.81204,85.3191,25.433825,55.33268,31.406656,3.6124353,0.44023955,11.443498,20.223482,45.267757,95.46892,75.57594,18.237469,45.88125,6.1688585,17.49298,44.302277,72.836685,56.31856,49.849007,93.36794,31.889978,42.700615,29.71205,81.83579,63.545902,27.614344,65.561295,70.07569,15.473814,65.9122,27.737194,62.661945,50.415337,99.104935,54.17249,68.80134,62.190186,58.393433,97.19721,24.093264,88.10517,64.59586,94.042595,60.353413,63.475147,14.305072,25.184914,50.73728,3.796765,87.001625,76.748726,23.618788,89.6609,81.34541,60.771835,9.225536,87.59538,94.867325,99.22523,69.33188,62.106617}"
74,"{49.489365,12.346287,31.601778,17.20892,55.73622,1.2125642,58.506824,73.22971,16.495724,99.746574,85.98333,11.754163,32.38453,27.754347,61.81255,59.885036,66.13544,78.47762,48.597706,87.76503,4.213953,59.860836,64.47131,40.324398,66.675606,5.7405634,57.41003,46.824703,27.987215,22.961086,20.187344,57.879326,34.36107,23.571352,84.29488,58.716415,19.611273,52.39479,97.162704,35.544693,9.467405,93.07581,10.069659,16.585058,61.817455,67.94892,39.43347,34.8014,60.956284,25.56498,24.694775,31.32471,81.35733,85.32297,87.560005,29.30118,69.846,21.335903,3.5591757,1.2546322,93.72754,71.410706,64.13097,49.4469}"
75,"{41.117237,44.90967,30.008133,40.11903,83.456535,32.415092,31.591404,27.436808,59.305912,36.72959,44.133404,71.54351,73.63048,9.067066,72.58106,74.00141,33.892258,85.63907,98.33419,1.3038331,39.60531,41.597622,26.269894,47.8467,77.17705,63.899998,91.27059,60.11021,38.746296,58.61676,38.103485,36.727783,19.543135,57.07897,33.569607,69.08302,60.556156,38.681553,44.921844,55.111897,94.832344,4.819963,71.00679,17.693556,49.697136,91.08961,22.5909,77.55019,22.024878,5.3385487,53.87532,59.665936,18.182146,3.3131413,69.08675,69.16262,68.49039,26.414219,94.86713,26.184172,42.404438,6.4926395,82.39848,45.050533}"
76,"{4.786951,8.723607,2.0293162,27.720808,35.695,17.538158,19.666233,88.986725,51.31609,43.548977,8.2221775,65.90137,97.74119,26.640099,91.646866,88.39279,73.0992,56.21266,43.993557,5.041446,68.46984,12.370267,54.900444,97.398895,0.5225992,29.029583,16.897451,59.340942,55.892452,83.05789,13.016529,22.691044,41.105545,53.136345,67.023125,36.19259,64.929756,62.754204,27.749971,37.88634,0.1775871,7.246861,65.86423,38.659565,27.377272,62.853115,71.111786,71.33666,46.8086,23.20082,13.645743,70.8997,21.943317,6.314336,20.26141,79.54644,45.416965,13.11275,68.8398,9.161332,77.68507,0.4393316,8.472433,13.80039}"
77,"{23.188293,0.99580956,12.839758,97.94871,74.18816,86.279274,97.494675,11.132127,58.769215,22.925875,12.6252165,6.0521917,87.47967,28.008152,29.311281,92.42487,58.657692,34.12787,94.73876,30.361513,81.933754,43.973095,48.59024,30.220499,34.29345,88.807686,85.00881,66.727776,15.324094,22.637783,61.055607,56.723328,5.05906,39.119526,0.19093448,76.612564,6.696428,11.263882,7.554352,18.52041,30.234293,33.349754,0.06342451,65.86031,14.87921,12.929179,88.77069,48.699898,16.403368,80.21493,21.501244,57.6525,89.21997,78.36014,71.340416,19.334555,55.896763,86.112915,19.665575,85.550255,83.52939,33.0604,42.543575,57.707394}"
78,"{26.556305,65.23259,35.684647,54.504177,69.23466,37.34573,57.804657,58.191734,23.444221,68.618805,95.06472,17.808214,44.3883,37.14979,42.905132,98.35801,99.07397,77.6059,16.558388,96.19689,11.44804,26.84399,71.114136,72.66493,60.32256,59.47445,77.33066,21.632835,88.63795,11.818656,34.368603,90.00263,7.391312,88.752,37.001545,22.804354,27.220526,28.201582,67.18532,42.390755,3.0137327,96.27059,70.50722,81.950264,30.154066,49.84399,62.1627,41.294365,28.566553,19.909597,97.70992,83.352036,6.378915,88.58278,36.731285,35.30598,17.821753,95.89426,26.300398,42.680798,49.371086,72.79194,72.237434,68.35195}"
79,"{58.784542,47.586525,43.774456,53.35953,98.62099,71.36477,48.49567,11.11673,19.394283,99.89629,4.129058,11.1983595,28.339628,15.522605,39.620766,0.038632642,83.82235,71.75742,55.411186,81.78355,8.964267,59.224575,20.251553,48.015923,82.68296,76.55446,45.36625,56.44843,3.9298272,10.456782,55.204185,48.87212,62.680103,90.95233,24.171022,2.1271832,96.69215,60.308315,10.143305,83.66469,69.045555,36.27266,35.599373,47.990032,91.1335,34.495327,26.035429,51.081314,7.5802593,53.3768,50.95732,67.48104,92.250404,92.87331,45.94963,86.45327,12.193098,41.957066,53.73726,8.227429,53.41832,6.4816947,69.196335,4.325349}"
80,"{68.53837,78.204094,27.179474,94.261894,71.54729,48.793713,34.845848,98.05716,34.685104,21.009573,31.792292,75.097145,22.087122,48.09836,4.3440766,56.59065,55.708546,66.18013,85.37061,24.414486,52.110332,61.320347,21.243563,13.303928,90.67604,10.5793915,74.165695,97.47593,91.59545,46.08765,74.99384,24.781544,57.706684,43.68183,30.597515,40.842045,0.5529424,27.485266,85.28587,88.366585,55.616093,92.71327,10.264136,10.57527,42.7805,78.68772,53.62107,46.520164,39.11461,9.369412,88.99094,95.83124,65.80394,60.54171,99.57622,93.29888,8.609461,1.0450671,79.27576,63.588154,70.95454,94.17419,10.661423,93.67115}"
81,"{25.368237,77.57333,34.724342,37.2371,77.55316,72.83013,86.71895,49.928337,78.133194,5.6651926,70.933716,96.8536,20.815979,54.398144,52.48656,1.1068541,8.232913,37.55648,81.76934,42.193623,74.36627,14.460847,45.249878,21.122528,46.81979,7.8106833,71.09545,90.80469,55.131184,81.21112,58.4339,89.228645,30.069025,72.792206,51.755787,93.11558,50.92187,18.203938,36.53476,42.44432,36.006607,1.0164016,85.96574,33.965595,9.140154,68.66762,71.96842,83.75995,30.091019,9.398874,54.264767,55.757225,38.824024,25.977108,50.21397,12.211615,15.755268,80.368065,43.791595,82.2634,7.639226,48.895897,26.05472,61.326622}"
82,"{60.822964,87.87154,40.882584,44.09357,60.44339,97.32202,90.77142,80.97727,11.044161,6.497704,97.85737,6.9201546,46.693886,24.527548,7.817331,74.34035,7.953751,77.25131,19.343836,81.78972,20.240028,25.259804,52.8059,6.4448295,99.83714,55.96217,79.60788,53.190945,66.93484,5.576573,92.56757,33.700554,71.795105,75.87321,39.09175,95.02398,23.021011,9.916328,77.58288,64.83563,23.731604,14.645337,75.72792,57.21348,70.39045,13.658532,2.2749255,52.83067,93.54549,67.83284,84.58385,96.4304,33.58598,65.30789,8.445025,34.722992,56.889,95.8246,28.006155,93.23494,57.808712,41.440407,68.561134,81.564125}"
83,"{34.56301,29.31284,37.671124,44.92626,17.213772,59.677914,87.65943,94.34905,3.950972,89.542305,79.81161,48.481552,88.421814,80.21179,5.295149,83.39591,41.850574,3.9095125,95.37883,91.19027,25.443224,14.775303,62.27975,98.43988,22.644201,74.92275,18.010754,47.936726,89.106445,53.46808,20.866974,34.615215,57.956203,91.1003,54.416985,43.55692,16.60131,14.465071,91.60139,25.53455,91.7771,52.07535,84.1535,76.293175,64.893036,19.396193,25.218672,48.83475,58.491867,16.992826,98.74876,14.092831,25.531696,98.061874,73.78775,11.843687,70.33147,75.2246,53.756,69.34479,87.77694,30.153557,11.710508,55.432518}"
84,"{25.473782,81.49594,51.544838,29.620533,21.976868,38.77708,34.24586,12.653255,18.352255,93.70751,7.508577,72.08376,65.78479,60.83091,18.900461,85.421455,89.6874,1.0536575,77.85189,17.45542,22.066965,32.669937,43.3293,57.289078,75.338554,32.479065,43.236805,85.76876,19.24905,45.989548,2.3151672,43.262764,0.28015393,91.08233,49.303288,0.6214469,42.368397,48.493595,55.94668,88.65781,16.838898,68.76635,2.4438746,51.2296,16.244013,86.66371,71.29047,68.13843,4.785157,57.2519,7.200187,62.31122,10.945426,13.826468,90.65377,3.379916,34.95409,86.51205,10.262409,40.67411,44.136246,15.718615,70.959625,13.198579}"
85,"{47.778877,89.751724,85.29107,64.35609,74.8878,37.87965,90.807396,33.530365,13.450567,15.2477865,52.643803,55.26288,19.202688,34.45488,14.467427,96.29938,21.376019,79.681694,78.577934,29.471872,68.7576,96.37096,35.3592,36.002563,93.18753,85.03809,39.613247,50.717384,61.269485,58.349884,95.48818,0.7469638,25.764652,1.7091275,69.477196,22.04588,33.408333,28.856283,91.867455,80.51124,48.560883,54.135536,28.418556,38.22724,85.32472,34.826733,36.12583,29.563133,22.984776,32.132294,47.66343,87.23074,99.62957,23.908812,29.305017,52.24985,20.667194,90.98763,5.4009175,32.92213,87.05815,20.94141,50.274265,41.788403}"
86,"{92.153404,96.49093,84.92418,33.11084,76.070045,92.5368,33.2415,10.218164,77.890686,17.236217,50.415676,47.17403,24.281004,33.8788,27.515953,24.338018,19.3393,65.86456,51.35379,65.70679,5.8925185,55.230442,90.977905,67.235634,99.6165,43.34988,32.631313,50.995434,21.179148,12.148141,67.637054,77.92659,80.29052,45.99923,84.2145,11.583727,81.61343,93.028625,39.211735,82.65618,3.7732918,53.53005,11.53471,46.7991,47.352516,50.368595,20.837063,20.576939,99.21784,28.403091,45.79294,87.82902,32.58044,37.995953,91.810745,83.80002,63.90827,21.531387,41.97084,30.78504,48.59412,95.535515,13.711225,37.2288}"
87,"{91.83722,97.55178,31.580053,4.1648674,24.541159,3.5008698,90.27349,57.118153,86.49788,64.03717,7.045015,38.220295,31.361639,17.65804,66.083725,28.963024,25.874441,13.343907,15.102674,6.961677,35.755917,79.68545,44.454727,75.105156,44.197163,63.230145,27.715788,94.87717,27.894783,92.65868,28.769846,40.35685,57.235004,12.947498,40.73482,99.91759,99.10797,44.517387,56.13387,49.97589,85.730995,15.19963,22.90668,21.895544,93.93153,60.425484,97.34524,68.48593,25.042465,1.1778743,0.81685907,1.169952,24.66407,65.81499,43.004566,30.121721,68.13027,85.825386,18.964808,66.33489,15.976379,45.90737,82.00035,82.08872}"
88,"{13.74827,23.547682,58.41064,21.604279,42.138634,94.635574,5.663538,80.36194,82.0162,80.77894,32.294575,54.68158,30.073677,56.143387,38.558224,4.4087787,15.516275,41.129665,2.0187707,74.12635,27.714598,75.418144,5.1768417,12.005963,65.6358,61.282955,73.99453,91.57717,79.039276,91.11634,90.733696,38.230778,51.085037,51.372787,43.596092,48.663067,4.6740756,23.270739,43.801613,53.741943,28.351793,62.26929,50.325523,51.03326,60.1035,31.321585,98.712265,36.625652,32.311016,24.012373,96.18154,12.657701,32.29197,43.79322,66.44148,79.367424,29.28989,94.576355,57.838295,32.398518,39.91866,89.94148,54.12658,47.92064}"
89,"{74.59581,46.21486,92.4785,21.825138,22.445631,95.8261,25.41372,33.37767,81.84674,37.826405,96.988594,78.34356,38.88417,42.516216,6.508782,88.409805,92.400536,96.09776,30.711744,50.932777,48.393726,22.51602,76.10633,20.427261,79.76157,55.62338,53.06801,77.12925,11.742407,72.00156,51.296837,21.32065,36.05053,88.76559,59.08911,79.372665,35.177406,1.0884402,96.10313,49.68064,65.454666,89.71195,18.27854,96.424126,76.39849,92.10425,34.472908,45.552456,53.033417,64.00214,35.19609,91.29054,46.096916,86.71833,45.35491,50.06718,86.33584,14.738371,53.77915,20.936432,67.91701,36.785538,53.91194,22.701986}"
90,"{81.99371,9.759995,21.651321,75.03737,4.716777,50.889317,9.975036,97.456406,9.785969,60.253693,15.532323,91.12655,19.648916,28.823639,62.5186,95.89217,12.627145,40.587784,4.351267,31.709017,16.852642,39.63198,97.23722,19.76904,92.51482,31.600142,92.77884,65.26536,98.44167,65.32557,3.2306259,78.91939,69.67766,75.13571,44.632088,27.539698,81.993,2.031982,74.354004,71.03942,24.998098,86.32111,32.968807,52.10415,45.88572,83.07913,30.966805,19.23496,4.2404075,81.880165,1.6768852,49.914787,8.608745,64.39852,68.61374,90.44502,96.69712,47.735477,51.977127,86.421745,2.5505395,91.63559,1.5976284,63.276527}"
91,"{0.57377446,87.20792,86.496445,51.768654,72.80394,50.483875,71.45445,87.318565,52.76394,62.31683,53.43154,44.71446,17.16325,87.01366,33.016777,77.664894,31.623495,65.00058,33.81156,94.13312,84.76061,73.144554,14.052501,18.15848,37.935284,32.518288,5.981308,23.294477,67.68302,83.91553,68.39158,4.7819676,21.462118,51.859905,3.1651385,21.6022,52.43099,47.834743,7.004332,46.653263,48.318314,81.68349,52.3347,26.062332,46.224335,29.345379,96.670525,56.245434,97.84685,57.114594,45.592117,30.478703,56.930107,3.3226645,61.67932,2.735372,36.77133,32.684372,48.89343,34.219048,84.78225,85.52119,10.425995,72.79579}"
92,"{43.09894,61.749237,97.17541,14.368349,79.08201,90.02042,35.82192,81.68028,42.582623,6.926397,59.81211,55.18364,23.712809,94.97034,6.110348,4.111339,76.50773,25.395977,85.81592,96.98703,41.572628,11.3180065,70.98115,49.26635,41.150475,75.361824,54.3109,72.981544,49.921677,65.699684,56.803406,87.06681,26.46245,45.529552,62.544853,86.94683,56.162476,28.312157,14.3456955,44.011086,34.36759,18.15169,81.06944,47.369617,56.71417,39.33075,12.52957,25.951206,75.51499,38.00634,93.70632,14.286397,90.41228,13.320476,42.56253,92.49945,27.412933,74.61705,18.530222,33.96334,2.2597752,30.090569,8.2226095,3.1604593}"
93,"{86.57664,33.088005,75.33847,33.511395,93.374695,52.571697,30.11741,78.81986,62.654175,90.12019,24.93949,22.631838,68.62433,47.548927,84.416306,73.880646,43.45202,6.090387,56.08124,2.9105062,44.70519,23.462534,29.855196,34.12343,6.3638825,91.516396,36.953846,16.42635,48.322887,40.992535,50.73904,23.277224,63.913284,86.798294,79.9388,74.912766,16.64522,96.77184,58.21822,37.322163,8.952538,47.81686,90.64062,98.30778,10.34654,28.326794,47.29044,89.70606,68.51775,16.786749,85.22489,57.251736,63.330925,39.22266,2.7807884,42.941692,84.421524,97.70345,63.70017,57.938934,22.616179,97.39578,83.97827,82.46179}"
94,"{13.372031,48.789368,21.01916,29.702198,76.88029,16.782757,94.65797,77.14416,79.73921,50.535873,62.738274,75.807076,32.81641,92.61106,62.89365,47.57911,20.04585,7.2545,67.46257,26.155,74.71207,24.094397,13.366712,67.93689,29.843285,92.49191,4.4166327,86.942444,34.562725,24.779974,13.802659,60.20276,60.838634,54.229706,71.22008,16.795643,7.5494776,90.423805,16.717594,0.5825279,18.972355,54.481342,64.30971,71.49832,70.85504,67.024,97.832634,47.041676,82.602,29.715256,32.438644,50.152252,2.5618737,37.52107,13.315091,14.226123,94.03013,23.474138,92.29597,44.458347,51.770733,24.677855,59.43106,67.423004}"
95,"{77.321304,60.627243,4.5287714,39.778572,81.097435,89.781075,20.24469,80.75498,0.6851089,3.8836365,18.311722,41.73657,88.35031,92.05988,31.67539,6.4616117,32.659306,57.51092,93.09761,5.3375936,15.460103,62.096077,73.52487,31.906736,37.909023,60.64525,97.295555,24.936037,69.62886,34.00446,25.011736,58.860664,20.665176,43.14494,65.361824,2.851418,14.18376,75.790535,83.902115,25.641378,51.65714,0.6313399,67.15163,52.031395,34.766296,55.046963,54.50069,6.858983,7.8518476,82.17705,6.368316,3.8830402,50.256924,78.02886,55.567043,67.7928,13.393488,74.04294,18.559889,86.24122,17.2297,44.15196,85.64834,20.84072}"
96,"{94.84494,5.93194,83.35093,8.415617,71.75096,65.08672,10.369821,30.015514,54.16425,2.4188452,0.461288,40.355633,62.98074,7.875206,3.900609,36.123013,18.80634,51.53183,4.5512724,1.1948805,59.30499,34.876446,85.112976,30.042171,49.9223,64.90285,10.046226,78.78493,49.621346,29.850155,37.87905,84.437256,76.83554,59.47039,83.83178,86.30031,19.920618,19.117208,94.49972,65.26749,78.80615,99.40955,41.07427,24.594698,58.450764,19.48952,91.43623,83.61961,53.551914,98.780716,47.40912,59.71068,31.519606,70.54066,77.315895,15.674196,96.07632,0.329594,89.35329,43.79321,76.387115,37.792553,64.60882,14.026316}"
97,"{61.061028,13.937851,44.0361,4.629634,77.7176,5.522523,68.42374,57.116714,97.41234,19.41471,39.206158,4.1365747,29.706598,13.148689,68.54647,35.189552,24.508059,12.636638,44.960194,19.33689,37.26704,27.53091,64.14548,50.978035,66.27343,1.4834167,79.75313,30.717379,76.55339,85.02811,64.494736,21.229357,71.42157,38.585354,44.98678,12.330681,17.622427,81.78184,73.61498,1.2155892,26.026098,11.587857,24.837988,5.602386,10.173508,38.449917,81.90998,18.537273,8.050625,98.4559,0.9752533,24.527119,47.08096,16.492687,73.67556,94.811615,42.541615,35.28244,35.426144,83.78493,49.825573,17.118547,95.78455,54.247383}"
98,"{90.898506,37.131084,69.09614,63.282036,64.9518,51.124195,9.901996,66.643715,47.96666,58.63493,68.30277,22.71762,21.3218,28.118969,68.26026,49.010277,26.656017,80.38965,27.17728,58.00098,74.20698,77.00157,11.325006,54.7912,81.37015,59.620575,99.89914,47.691048,54.152164,76.06138,84.6083,12.585665,58.73762,89.16968,93.467316,72.10297,46.06717,40.705406,11.436192,37.292824,66.96943,67.53995,99.07519,0.32397553,47.14498,89.56597,38.653797,25.769188,23.623472,94.55098,78.144455,31.103605,90.975334,85.62296,93.05166,66.3716,75.63892,72.101036,47.6866,42.4308,79.61699,27.978455,47.723015,37.169098}"
99,"{85.210464,7.597136,28.898798,51.583244,35.411514,52.050533,99.612366,41.14225,40.40439,88.80635,32.764366,12.531811,69.966034,81.20683,2.1914136,28.34842,80.37548,23.197708,56.916225,80.805756,69.00172,61.237385,80.49943,84.81697,21.625883,12.2855,59.135044,57.27188,8.659534,0.5702207,79.710655,25.84819,33.953854,62.051407,54.592052,81.75356,51.374203,33.76204,62.94236,17.425104,42.572594,14.213988,56.309822,85.01325,17.571808,23.550234,79.192696,63.607468,26.336317,19.930693,41.302517,23.344576,93.21616,17.631422,68.09853,40.062317,41.092613,67.45885,78.47049,13.868017,12.623402,80.33555,54.629078,24.295656}"
100,"{21.887438,18.36853,98.56229,60.59661,50.98397,26.493538,13.881855,71.68502,8.08083,3.0916443,21.380491,11.435901,71.67555,95.050354,53.823555,13.072828,91.38872,75.90786,80.89606,14.504965,99.72014,13.354305,72.11884,4.465507,8.448027,31.909588,5.0490956,48.513016,34.632896,19.557224,92.116165,42.29365,86.70947,44.054462,13.752364,86.39874,73.43006,30.189165,72.61026,68.72355,5.2943416,87.10529,95.97692,14.037176,87.707565,62.72511,16.176908,30.67054,50.908657,77.0738,14.787824,66.541565,87.47172,48.840088,71.67632,23.450008,32.99018,69.72587,67.81087,63.535404,8.797747,3.0530279,37.947086,45.411648}"
